INSERT INTO `cashstock` (`cashstock_id`, `particulars`, `remark`, `amount`, `date`, `store_id`,`payment_type`,`transaction_type`) VALUES(1,'Ayotunde Adeyemi','',-336100.00,'2016-03-16','2','CREDIT','customer payment'),(2,'Oseni Yusuf','',728750.00,'2016-03-16','2','CASH','customer payment'),(3,'Jude Obiakor','',-759650.00,'2016-03-16','2','CREDIT','customer payment'),(4,'Magdalene Chinda','',240900.00,'2016-03-16','2','CASH','customer payment'),(5,'dq','Handling the transportation',2356789.00,'2016-03-16','2','','other expenses'),(6,'Opening Balance','',240000.00,'2016-03-16','2','','opening balance'),(7,'Jude Obiakor','',536400.00,'2016-03-16','2','CASH','customer payment'),(8,'Oseni Yusuf','',22222.00,'2016-03-16','2','CASH','customer payment'),(9,'Oseni Yusuf','',22222.00,'2016-03-16','2','CASH','customer payment'),(10,'Oseni Yusuf','',22222.00,'2016-03-16','2','CASH','customer payment'),(11,'Oseni Yusuf','',2222200.00,'2016-03-16','2','CASH','customer payment'),(12,'NESTLE','',-24444.00,'2016-03-16','2','payment','supplier payment'),(13,'GENERAL','',309050.00,'2016-03-16','2','CASH','customer payment'),(14,'Oseni Yusuf','',1650400.00,'2016-03-16','2','CASH','customer payment');
DELETE FROM `stock` WHERE `store_id`='2';
DELETE FROM `stock_position` WHERE `store_id`='2';
INSERT INTO `stock` (`stock_id`, `stock_code`, `stock_name`,`store_id`, `stock_count`) VALUES(1,'MLK-001','PEAK SMALL','2',0),(2,'MLK-002','PEAK BIG','2',0),(3,'MLK-003','COWBELL SMALL','2',0),(4,'MLK-004','COWBELL BIG','2',0),(5,'MLK-005','COAST BIG','2',0),(6,'NDL-001','INDOMIE','2',0),(7,'NDL-002','O NOODLES','2',0),(8,'SGR-001','DANGOTE SUGAR','2',0),(9,'SGR-002','STLOUIS','2',0),(10,'BVG-001','MILO SMALL','2',0),(11,'BVG-002','MILO BIG','2',0),(12,'BVG-003','BOURNVITA SMALL','2',0),(13,'BVG-004','BOURNVITA BIG','2',0),(14,'BVG-005','OVALTINE SMALL','2',0),(15,'BVG-006','OVALTINE BIG','2',0),(16,'JUI-001','CHIVITA','2',0),(17,'JUI-002','FUMAN','2',0),(18,'JUI-003','CERES','2',0),(19,'SPG-001','DANGOTE SPAGHETTI','2',0),(20,'SPG-002','GOLDEN PENNY SPAGHETTI','2',0),(21,'JUI-004','CHI SMALL','2',0);
INSERT INTO `stock_position` ( `stock_id`, `store_id`, `unit`, `stock_count`) VALUES(1,'2',1,0),(2,'2',1,0),(3,'2',1,0),(4,'2',1,0),(5,'2',1,0),(6,'2',1,0),(7,'2',1,0),(8,'2',1,0),(9,'2',1,0),(10,'2',1,0),(11,'2',1,0),(12,'2',1,0),(13,'2',1,0),(14,'2',1,0),(15,'2',1,0),(16,'2',1,0),(17,'2',1,0),(18,'2',1,0),(19,'2',1,0),(20,'2',1,0),(21,'2',1,0);
INSERT INTO `sales_invoice_daily` (`sales_date`, `sales_time`, `purchase_amount`, `store_id`, `payment_type`, `status`, `cashier`, `store_confirmation`, `operator`, `customer`, `invoice_num`) VALUES('2016-03-16','11:58:39',728750.00,'2','CASH','CLOSED','','NOT SUPPLIED','admin','Oseni Yusuf',3),('2016-03-16','12:32:35',240900.00,'2','CASH','CLOSED','','NOT SUPPLIED','admin','Magdalene Chinda',6),('2016-03-16','02:48:45',309050.00,'2','CASH','CLOSED','','NOT SUPPLIED','admin','GENERAL',8),('2016-03-16','04:48:21',1650400.00,'2','CASH','CLOSED','','NOT SUPPLIED','admin','Oseni Yusuf',9),('2016-03-16','01:32:25',536400.00,'2','CASH','CLOSED','','NOT SUPPLIED','mutiu','Jude Obiakor',7);
INSERT INTO `invoice_item` ( `trans_date`, `item_quantity`, `stock_id`, `store_id`, `item_id`,`invoice_num`) VALUES('2016-03-16',22,8,'2',4,3),('2016-03-16',21,13,'2',5,3),('2016-03-16',21,14,'2',6,3),('2016-03-16',21,7,'2',11,6),('2016-03-16',24,12,'2',12,6),('2016-03-16',21,12,'2',13,7),('2016-03-16',23,16,'2',14,7),('2016-03-16',22,19,'2',15,7),('2016-03-16',21,6,'2',16,8),('2016-03-16',23,14,'2',17,8),('2016-03-16',23,4,'2',18,9),('2016-03-16',54,13,'2',19,9),('2016-03-16',22,15,'2',20,9);
INSERT INTO `stock_ledger` ( `stock_ledger_id`,`opening_bal`, `task`, `quantity`, `remarks`, `closing_bal`, `date`, `stock_id`, `store_id`, `username`, `time`) VALUES(2,5,'receipt',200,'received stock',205.00,'2016-03-16',4,'2','admin','12:30:03'),(3,17,'receipt',245900,'No remark',245917.00,'2016-03-16',9,'2','admin','12:30:56'),(4,50,'receipt',347890,'Updated',347940.00,'2016-03-16',15,'2','admin','12:31:54'),(1,1000,'stock_transfer',200,'No remark',800.00,'2016-03-16',4,'2','admin','12:29:18');
UPDATE `stock` SET `stock`.`stock_count`=792 WHERE `stock`.`store_id`='2' AND `stock`.`stock_id`='1';
UPDATE `stock` SET `stock`.`stock_count`=21696 WHERE `stock`.`store_id`='2' AND `stock`.`stock_id`='2';
UPDATE `stock` SET `stock`.`stock_count`=5394 WHERE `stock`.`store_id`='2' AND `stock`.`stock_id`='3';
UPDATE `stock` SET `stock`.`stock_count`=982 WHERE `stock`.`store_id`='2' AND `stock`.`stock_id`='4';
UPDATE `stock` SET `stock`.`stock_count`=11811 WHERE `stock`.`store_id`='2' AND `stock`.`stock_id`='5';
UPDATE `stock` SET `stock`.`stock_count`=33207 WHERE `stock`.`store_id`='2' AND `stock`.`stock_id`='6';
UPDATE `stock` SET `stock`.`stock_count`=11820 WHERE `stock`.`store_id`='2' AND `stock`.`stock_id`='7';
UPDATE `stock` SET `stock`.`stock_count`=54876 WHERE `stock`.`store_id`='2' AND `stock`.`stock_id`='8';
UPDATE `stock` SET `stock`.`stock_count`=253894 WHERE `stock`.`store_id`='2' AND `stock`.`stock_id`='9';
UPDATE `stock` SET `stock`.`stock_count`=32600 WHERE `stock`.`store_id`='2' AND `stock`.`stock_id`='10';
UPDATE `stock` SET `stock`.`stock_count`=39934 WHERE `stock`.`store_id`='2' AND `stock`.`stock_id`='11';
UPDATE `stock` SET `stock`.`stock_count`=2283 WHERE `stock`.`store_id`='2' AND `stock`.`stock_id`='12';
UPDATE `stock` SET `stock`.`stock_count`=7313 WHERE `stock`.`store_id`='2' AND `stock`.`stock_id`='13';
UPDATE `stock` SET `stock`.`stock_count`=12636 WHERE `stock`.`store_id`='2' AND `stock`.`stock_id`='14';
UPDATE `stock` SET `stock`.`stock_count`=355868 WHERE `stock`.`store_id`='2' AND `stock`.`stock_id`='15';
UPDATE `stock` SET `stock`.`stock_count`=22889 WHERE `stock`.`store_id`='2' AND `stock`.`stock_id`='16';
UPDATE `stock` SET `stock`.`stock_count`=12334 WHERE `stock`.`store_id`='2' AND `stock`.`stock_id`='17';
UPDATE `stock` SET `stock`.`stock_count`=23577966 WHERE `stock`.`store_id`='2' AND `stock`.`stock_id`='18';
UPDATE `stock` SET `stock`.`stock_count`=89510 WHERE `stock`.`store_id`='2' AND `stock`.`stock_id`='19';
UPDATE `stock` SET `stock`.`stock_count`=67000 WHERE `stock`.`store_id`='2' AND `stock`.`stock_id`='20';
UPDATE `stock_position` SET `stock_position`.`stock_count`=792 WHERE `stock_position`.`store_id`='2' AND `stock_position`.`stock_id`='1';
UPDATE `stock_position` SET `stock_position`.`stock_count`=21696 WHERE `stock_position`.`store_id`='2' AND `stock_position`.`stock_id`='2';
UPDATE `stock_position` SET `stock_position`.`stock_count`=5394 WHERE `stock_position`.`store_id`='2' AND `stock_position`.`stock_id`='3';
UPDATE `stock_position` SET `stock_position`.`stock_count`=982 WHERE `stock_position`.`store_id`='2' AND `stock_position`.`stock_id`='4';
UPDATE `stock_position` SET `stock_position`.`stock_count`=11811 WHERE `stock_position`.`store_id`='2' AND `stock_position`.`stock_id`='5';
UPDATE `stock_position` SET `stock_position`.`stock_count`=33207 WHERE `stock_position`.`store_id`='2' AND `stock_position`.`stock_id`='6';
UPDATE `stock_position` SET `stock_position`.`stock_count`=11820 WHERE `stock_position`.`store_id`='2' AND `stock_position`.`stock_id`='7';
UPDATE `stock_position` SET `stock_position`.`stock_count`=54876 WHERE `stock_position`.`store_id`='2' AND `stock_position`.`stock_id`='8';
UPDATE `stock_position` SET `stock_position`.`stock_count`=253894 WHERE `stock_position`.`store_id`='2' AND `stock_position`.`stock_id`='9';
UPDATE `stock_position` SET `stock_position`.`stock_count`=32600 WHERE `stock_position`.`store_id`='2' AND `stock_position`.`stock_id`='10';
UPDATE `stock_position` SET `stock_position`.`stock_count`=39934 WHERE `stock_position`.`store_id`='2' AND `stock_position`.`stock_id`='11';
UPDATE `stock_position` SET `stock_position`.`stock_count`=2283 WHERE `stock_position`.`store_id`='2' AND `stock_position`.`stock_id`='12';
UPDATE `stock_position` SET `stock_position`.`stock_count`=7313 WHERE `stock_position`.`store_id`='2' AND `stock_position`.`stock_id`='13';
UPDATE `stock_position` SET `stock_position`.`stock_count`=12636 WHERE `stock_position`.`store_id`='2' AND `stock_position`.`stock_id`='14';
UPDATE `stock_position` SET `stock_position`.`stock_count`=355868 WHERE `stock_position`.`store_id`='2' AND `stock_position`.`stock_id`='15';
UPDATE `stock_position` SET `stock_position`.`stock_count`=22889 WHERE `stock_position`.`store_id`='2' AND `stock_position`.`stock_id`='16';
UPDATE `stock_position` SET `stock_position`.`stock_count`=12334 WHERE `stock_position`.`store_id`='2' AND `stock_position`.`stock_id`='17';
UPDATE `stock_position` SET `stock_position`.`stock_count`=23577966 WHERE `stock_position`.`store_id`='2' AND `stock_position`.`stock_id`='18';
UPDATE `stock_position` SET `stock_position`.`stock_count`=89510 WHERE `stock_position`.`store_id`='2' AND `stock_position`.`stock_id`='19';
UPDATE `stock_position` SET `stock_position`.`stock_count`=67000 WHERE `stock_position`.`store_id`='2' AND `stock_position`.`stock_id`='20';
INSERT INTO `store_daily_summary` ( `store_id`, `opening_balance`,`total_sales`, `total_cash_in`, `total_cash_out`, `total_credit_sales`, `closing_balance`, `date`,  `time`) VALUES('2',240000.00,3465500,8111155.00,-24444.00,0,8326711,'2016-03-16','05:12:03');